{
  "well": "ZXX6",
  "target": "YMOD",
  "model": "XGBoost",
  "split_mode": "last20",
  "n_train": 915,
  "n_test": 229,
  "features": [
    "DTC",
    "DTS",
    "DEN",
    "GR",
    "CNL",
    "LLD",
    "LLS",
    "RMSC",
    "CAL"
  ],
  "n_features": 9,
  "elapsed_sec": 0.21,
  "r2_train": 0.999,
  "r2_test": 0.0668,
  "mae_test": 8420.2609,
  "formula_or_arch": "XGB(n=300, depth=4, lr=0.05, reg)",
  "feature_importance": {
    "DTC": 0.9019718170166016,
    "DTS": 0.07253117859363556,
    "DEN": 0.009991125203669071,
    "GR": 0.002230531070381403,
    "CNL": 0.0009673608001321554,
    "LLD": 0.005206413567066193,
    "LLS": 0.003321248572319746,
    "RMSC": 0.0015464781317859888,
    "CAL": 0.002233922714367509
  },
  "feature_used": null
}