{
  "well": "ZXX3",
  "target": "SHMAX",
  "model": "RF",
  "split_mode": "last20",
  "n_train": 3266,
  "n_test": 816,
  "features": [
    "DTC",
    "DTS",
    "DEN",
    "GR",
    "CNL",
    "LLD",
    "LLS",
    "RMSC",
    "CAL"
  ],
  "n_features": 9,
  "elapsed_sec": 0.49,
  "r2_train": 0.934,
  "r2_test": 0.1747,
  "mae_test": 4.5944,
  "formula_or_arch": "RF(n=300, depth=10, leaf=5)",
  "feature_importance": {
    "DTC": 0.04073132618973792,
    "DTS": 0.21934407998896277,
    "DEN": 0.02956150225167158,
    "GR": 0.061186807572620586,
    "CNL": 0.07012234785359164,
    "LLD": 0.10322482618101478,
    "LLS": 0.018555128448733593,
    "RMSC": 0.29613931772547125,
    "CAL": 0.16113466378819596
  },
  "feature_used": null
}