{
  "well": "ZXX2",
  "target": "POIS",
  "model": "RF",
  "split_mode": "last20",
  "n_train": 2140,
  "n_test": 535,
  "features": [
    "DTC",
    "DTS",
    "DEN",
    "GR",
    "CNL",
    "LLD",
    "LLS",
    "RMSC",
    "CAL"
  ],
  "n_features": 9,
  "elapsed_sec": 0.39,
  "r2_train": 0.9998,
  "r2_test": 0.8232,
  "mae_test": 0.0058,
  "formula_or_arch": "RF(n=300, depth=10, leaf=5)",
  "feature_importance": {
    "DTC": 1.054209939010778e-05,
    "DTS": 5.998639249854778e-06,
    "DEN": 1.6932767708387082e-05,
    "GR": 6.453461077072158e-06,
    "CNL": 2.812075170039718e-05,
    "LLD": 1.018507079141702e-05,
    "LLS": 6.8703893017742054e-06,
    "RMSC": 0.9999033632631591,
    "CAL": 1.1533557621855081e-05
  },
  "feature_used": null
}