{
  "well": "ZXX7",
  "target": "POIS",
  "model": "RF",
  "split_mode": "last20",
  "n_train": 2621,
  "n_test": 655,
  "features": [
    "DTC",
    "DTS",
    "DEN",
    "GR",
    "CNL",
    "LLD",
    "LLS",
    "RMSC",
    "CAL"
  ],
  "n_features": 9,
  "elapsed_sec": 0.42,
  "r2_train": 0.9925,
  "r2_test": 0.8955,
  "mae_test": 0.013,
  "formula_or_arch": "RF(n=300, depth=10, leaf=5)",
  "feature_importance": {
    "DTC": 0.004616188679858348,
    "DTS": 0.00042081847893387086,
    "DEN": 0.0004582670382399819,
    "GR": 0.0011657680836699943,
    "CNL": 0.0006326649908989723,
    "LLD": 0.0002487537403427081,
    "LLS": 0.0013480447770378113,
    "RMSC": 0.9908210162489322,
    "CAL": 0.00028847796208618647
  },
  "feature_used": null
}