{
  "well": "ZXX2",
  "target": "POIS",
  "model": "XGBoost",
  "split_mode": "last20",
  "n_train": 2140,
  "n_test": 535,
  "features": [
    "DTC",
    "DTS",
    "DEN",
    "GR",
    "CNL",
    "LLD",
    "LLS",
    "RMSC",
    "CAL"
  ],
  "n_features": 9,
  "elapsed_sec": 0.22,
  "r2_train": 0.998,
  "r2_test": 0.7743,
  "mae_test": 0.0078,
  "formula_or_arch": "XGB(n=300, depth=4, lr=0.05, reg)",
  "feature_importance": {
    "DTC": 0.00011295516014797613,
    "DTS": 0.0,
    "DEN": 0.00013642036356031895,
    "GR": 0.00021645703236572444,
    "CNL": 9.936810965882614e-05,
    "LLD": 0.0002584625908639282,
    "LLS": 0.0001827516534831375,
    "RMSC": 0.9989936351776123,
    "CAL": 0.0
  },
  "feature_used": null
}