{
  "well": "ZXX6",
  "target": "POIS",
  "model": "RF",
  "split_mode": "last20",
  "n_train": 915,
  "n_test": 229,
  "features": [
    "DTC",
    "DTS",
    "DEN",
    "GR",
    "CNL",
    "LLD",
    "LLS",
    "RMSC",
    "CAL"
  ],
  "n_features": 9,
  "elapsed_sec": 0.33,
  "r2_train": 0.998,
  "r2_test": 0.6894,
  "mae_test": 0.0191,
  "formula_or_arch": "RF(n=300, depth=10, leaf=5)",
  "feature_importance": {
    "DTC": 5.273686910965847e-05,
    "DTS": 2.5147229039753975e-05,
    "DEN": 7.839640546015064e-05,
    "GR": 2.9040540134497194e-05,
    "CNL": 2.224841149086215e-05,
    "LLD": 3.499103708836655e-05,
    "LLS": 2.5074907289704084e-05,
    "RMSC": 0.9996566536590915,
    "CAL": 7.571094129539867e-05
  },
  "feature_used": null
}