{
  "well": "ZXX2",
  "target": "YMOD",
  "model": "RF",
  "split_mode": "last20",
  "n_train": 2140,
  "n_test": 535,
  "features": [
    "DTC",
    "DTS",
    "DEN",
    "GR",
    "CNL",
    "LLD",
    "LLS",
    "RMSC",
    "CAL"
  ],
  "n_features": 9,
  "elapsed_sec": 0.45,
  "r2_train": 0.975,
  "r2_test": 0.3668,
  "mae_test": 9839.7786,
  "formula_or_arch": "RF(n=300, depth=10, leaf=5)",
  "feature_importance": {
    "DTC": 0.13561987024565492,
    "DTS": 0.6835415254003027,
    "DEN": 0.013128797451104849,
    "GR": 0.026731332002832234,
    "CNL": 0.011675778063428292,
    "LLD": 0.0435509064389871,
    "LLS": 0.01028039364577306,
    "RMSC": 0.061268216521813176,
    "CAL": 0.014203180230103724
  },
  "feature_used": null
}